City,State,State Name,Water Utility,Hardness (mg/L CaCO3),Hardness Class,Infrastructure Class,Winter Risk,Avg Winter Temp (F),Climate,Pipe Material,Pipe Era,Sewer System,Soil Type,Dominant Failure,Risk Score,Risk Class
"New York",NY,"New York","New York City Department of Environmental Protection",25,"Soft",aging,high,27,"humid continental","cast iron, galvanized steel, and copper in pre-war buildings","1890s–1950s in older boroughs, 1970s–1990s in outer areas","combined sewer overflow system — heavy rain can cause backups","bedrock and clay mix — limits pipe access in older boroughs","corroded cast iron drain lines in pre-war buildings",7,Elevated
"Los Angeles",CA,"California","Los Angeles Department of Water and Power",195,"Very Hard",mixed,low,57,"Mediterranean","copper and CPVC with older galvanized in pre-1970 homes","1950s–1980s in most residential neighborhoods","separate stormwater and sanitary — relatively modern in most zones","expansive clay and alluvial fill — causes foundation movement and slab leaks","hard water scale blockages and slab leaks from soil movement",7,Elevated
"Chicago",IL,"Illinois","Chicago Department of Water Management",148,"Hard",aging,high,22,"humid continental","lead service lines still present in older areas, cast iron mains","1900s–1960s in North Side and South Side neighborhoods","deep tunnel system (TARP) — still experiences backups during major storms","soft glacial clay — frost penetrates 30–40 inches in severe winters","freeze-thaw burst pipes in uninsulated exterior walls",9,High
"Houston",TX,"Texas","Houston Public Works Water Operations",184,"Very Hard",mixed,med,42,"humid subtropical","PVC and CPVC dominant, with copper in higher-end construction","1960s–2000s across most of the metro","flat terrain limits gravity flow — lift stations common and prone to failure","expansive black clay (Beaumont clay) — shrinks in drought, swells in rain","storm-driven sewer backups and post-freeze pipe failures",8,High
"Phoenix",AZ,"Arizona","City of Phoenix Water Services Department",250,"Very Hard",mixed,low,50,"hot desert","copper in older areas, PEX and CPVC dominant in post-1990 construction","1950s–1980s in established neighborhoods, 1990s–2020s in expanding suburbs","City of Phoenix — modern gravity sewer with regional treatment","expansive clay and caliche — causes foundation movement in saturated conditions","extreme hard water scale and slab leaks from expansive clay soil",7,Elevated
"Philadelphia",PA,"Pennsylvania","Philadelphia Water Department",95,"Moderately Hard",aging,high,28,"humid subtropical","lead service lines, cast iron, and wrought iron in older areas","1880s–1940s in row home neighborhoods","combined sewer overflow — 4,000+ miles of pipe, much from pre-1900","Wissahickon schist and urban fill — uneven bearing creates pipe joint stress","failing clay sewer laterals and corroded lead/cast iron service lines",8,High
"San Antonio",TX,"Texas","San Antonio Water System (SAWS)",272,"Very Hard",mixed,med,40,"humid subtropical","copper and galvanized steel in older homes, PEX in post-2000 builds","1950s–1990s in established neighborhoods","separated system — sanitary sewer distinct from stormwater in most areas","expansive Taylor Marl clay — extreme seasonal movement damages slabs","hard water scale in water heaters and post-freeze supply line failures",8,High
"San Diego",CA,"California","San Diego Public Utilities Department",237,"Very Hard",mixed,low,58,"Mediterranean","copper dominant coastal, PVC and PEX in newer inland tracts","1950s–1980s in coastal neighborhoods, 1990s–2010s inland","modern gravity sewer — Point Loma treatment plant serves most of city","coastal sandy loam and inland decomposed granite — variable pipe bedding quality","pitting corrosion on copper lines from marine air and hard water interaction",7,Elevated
"Dallas",TX,"Texas","Dallas Water Utilities",162,"Hard",mixed,med,37,"humid subtropical","cast iron drains in older areas, copper supply, PEX in new builds","1950s–1980s in Oak Cliff and East Dallas, 2000s in outer suburbs","separate sanitary and storm — aging clay pipes in older neighborhoods","Austin Chalk and Houston Black clay — among the most expansive soils in Texas","slab leaks from expansive clay soil and corroded cast iron drain lines",7,Elevated
"San Jose",CA,"California","San Jose Water Company",186,"Very Hard",mixed,low,49,"Mediterranean","copper supply lines dominant, cast iron drain stacks in older homes","1950s–1970s in Willow Glen and Rose Garden, 1980s–2000s in newer tracts","San Jose-Santa Clara Regional Wastewater Facility — modern treatment","alluvial valley fill — relatively stable but saturated during wet winters","mixed-material plumbing from serial renovations causing galvanic corrosion",7,Elevated
"Austin",TX,"Texas","Austin Water Utility",198,"Very Hard",mixed,low,42,"humid subtropical","copper in central neighborhoods, PEX in post-2000 builds","1960s–1990s in Central Austin, 2000s–2020s in expanding suburbs","separated system — Walnut Creek and South Austin plants serve city","Austin Chalk over expansive Taylor Marl — active geological movement","water heater failures from high mineral load and freeze events in winter",7,Elevated
"Jacksonville",FL,"Florida","JEA (Jacksonville Electric Authority)",57,"Soft",mixed,low,53,"humid subtropical","CPVC and PVC dominant, older homes have copper and galvanized","1960s–1990s across most of the city","JEA wastewater — widespread biosolids program, aging sewer in older areas","sandy coastal plain — poor pipe bedding support, shifting under heavy rain","water heater sediment buildup and corroded galvanized supply lines in older homes",4,Moderate
"Fort Worth",TX,"Texas","Fort Worth Water Department",210,"Very Hard",mixed,med,36,"humid subtropical","cast iron drains and copper supply in older areas, PEX in new builds","1950s–1980s in the Near Southside and North Side, 2000s in suburbs","Trinity River Authority participates — aging clay tile in historic areas","Fort Worth Clay and Eagle Ford Shale — severe vertical movement seasonally","slab foundation movement causing supply line stress and drain separation",8,High
"Columbus",OH,"Ohio","Columbus Division of Water",143,"Hard",aging,high,27,"humid continental","galvanized steel and copper in older neighborhoods, PVC in newer areas","1900s–1960s in Franklinton and German Village, 1970s–1990s in suburbs","Jackson Pike and Southerly treatment plants — combined sewer in oldest areas","glacial till and lacustrine clay — frost depth reaches 24 inches","galvanized steel pipe corrosion causing discolored water and restricted flow",9,High
"Charlotte",NC,"North Carolina","Charlotte Water",44,"Soft",mixed,med,32,"humid subtropical","PVC and CPVC dominant, copper in custom builds","1970s–1990s in established neighborhoods, 2000s–2020s in fast-growth areas","Irwin Creek and McAlpine Creek plants — rapidly expanding infrastructure","Piedmont red clay — moderate seasonal movement, challenging for buried pipes","CPVC pipe degradation and freeze events catching newer homes unprepared",5,Moderate
"Indianapolis",IN,"Indiana","Citizens Energy Group",258,"Very Hard",aging,high,24,"humid continental","cast iron drain stacks and galvanized supply in older homes","1900s–1950s in the inner city, 1960s–1980s in Northside suburbs","combined sewer overflow — DigIndy tunnel project underway to reduce overflows","glacial outwash gravel and clay — frost penetrates to 30 inches","frozen pipes in uninsulated crawl spaces and water heater failures from hard water",10,High
"San Francisco",CA,"California","San Francisco Public Utilities Commission (SFPUC)",60,"Soft",aging,low,50,"oceanic","lead, galvanized, and early copper in pre-war Victorians","1880s–1940s in Noe Valley and the Mission, 1950s–1980s in the Sunset","combined sewer — Oceanside and Southeast plants, aging Victorian-era laterals","Bay mud and made land — highly variable and seismically active","aged galvanized and lead supply lines in Victorian-era buildings",5,Moderate
"Seattle",WA,"Washington","Seattle Public Utilities",22,"Soft",mixed,low,40,"oceanic","copper dominant in post-WWII builds, galvanized in older Craftsman homes","1940s–1970s in Capitol Hill and the Central District, 1980s–2000s in suburbs","King County Metro Wastewater — combined sewer in oldest neighborhoods","glacial till and Vashon clay — high water table in many areas","sump pump failures during rain season and corroded galvanized in Craftsman-era homes",4,Moderate
"Denver",CO,"Colorado","Denver Water",71,"Moderately Hard",mixed,high,20,"semi-arid","copper supply lines, cast iron in older drains, PEX in new construction","1950s–1970s in Park Hill and Capitol Hill, 2000s in outer suburbs","Metro Wastewater Reclamation District — modern regional treatment","Pierre Shale and bentonite clay — significant shrink-swell behavior","frozen pipes from rapid overnight temperature drops and water heater strain at altitude",7,Elevated
"Nashville",TN,"Tennessee","Nashville Metro Water Services",115,"Moderately Hard",mixed,med,33,"humid subtropical","copper supply lines, PVC drain systems, PEX in post-2005 builds","1960s–1990s in Belle Meade and Green Hills, 2000s in Williamson County","Metro Nashville Water Services — combined sewer in older areas near downtown","residual limestone and chert — relatively stable, but karst features in some areas","freeze events catching homeowners unprepared and aging copper supply in older neighborhoods",6,Elevated
"El Paso",TX,"Texas","El Paso Water Utilities",175,"Hard",mixed,med,36,"hot desert","copper and galvanized steel in older homes, PEX in post-2000 builds","1960s–1990s across most residential areas","El Paso Water Utilities combined system — aging clay collectors in older east-side neighborhoods","caliche hardpan and desert alluvium — highly alkaline, accelerates metal pipe corrosion","hard water scale blockages in water heaters and supply lines from Rio Grande source water",7,Elevated
"Memphis",TN,"Tennessee","Memphis Light, Gas and Water (MLGW)",48,"Soft",aging,med,33,"humid subtropical","cast iron and galvanized steel in older neighborhoods, PVC in newer suburban builds","1920s–1960s in Midtown and South Memphis, 1970s–1990s in suburbs","Memphis-Shelby County sewer — predominantly clay pipe in older neighborhoods with ongoing replacement program","Mississippi River alluvial loam and clay — high water table in low-lying areas, aggressive toward buried iron pipe","root infiltration into aging clay sewer laterals and corroded galvanized supply lines in pre-1960 homes",6,Elevated
"Louisville",KY,"Kentucky","Louisville Water Company",120,"Moderately Hard",aging,high,28,"humid subtropical","galvanized steel and cast iron in Victorian-era neighborhoods, copper in mid-century builds","1900s–1950s in Old Louisville and Germantown, 1960s–1990s in East End suburbs","MSD (Metropolitan Sewer District) — combined sewer overflow system with ongoing $800M tunnel project","Ohio River valley clay and loam — frost penetrates 18–24 inches, moderate soil movement seasonally","frozen pipes in uninsulated Victorian-era crawl spaces and galvanized supply line corrosion in pre-1950 homes",8,High
"Baltimore",MD,"Maryland","Baltimore City Department of Public Works",103,"Moderately Hard",aging,high,29,"humid subtropical","lead service lines still present in pre-1950 homes, cast iron and galvanized in rowhouse stock","1880s–1940s in rowhouse neighborhoods, 1960s–1990s in suburban areas","Back River and Patapsco Neck WWTP — 1,100 miles of sewer pipe, significant volume from pre-1900 combined sewer","Piedmont clay and urban fill — variable compaction in older neighborhoods creates pipe joint stress","failing clay sewer laterals and lead/galvanized service line replacement in pre-1950 rowhouse neighborhoods",8,High
"Milwaukee",WI,"Wisconsin","Milwaukee Water Works",127,"Hard",aging,high,17,"humid continental","galvanized steel service lines in older areas, cast iron drain stacks throughout pre-1960 stock","1900s–1950s in near north and south side, 1960s–1980s in outer neighborhoods","Milwaukee Metropolitan Sewerage District — combined sewer with Deep Tunnel system, ongoing overflow issues","glacial lake clay and outwash gravel — frost penetrates 36–48 inches in severe winters","frozen and burst pipes in uninsulated spaces during sustained sub-zero cold snaps",9,High
"Portland",OR,"Oregon","Portland Water Bureau",11,"Soft",mixed,low,40,"oceanic","galvanized steel in Craftsman-era homes, copper in mid-century builds, PEX in post-2000","1900s–1940s in inner SE and NE Portland, 1950s–1980s in outer neighborhoods","Bureau of Environmental Services — combined sewer with CSO reduction program, high wet-season overflow risk","Willamette Valley clay and volcanic basalt — high groundwater table in low-lying east Portland neighborhoods","sump pump failures during the November–March rainy season and corroded galvanized in Craftsman-era homes",4,Moderate
"Las Vegas",NV,"Nevada","Las Vegas Valley Water District (LVVWD)",278,"Very Hard",mixed,low,47,"hot desert","CPVC and PEX dominant, copper in custom builds, galvanized in pre-1980 commercial properties","1970s–1990s in established neighborhoods, 2000s–2020s in master-planned communities","Clark County Water Reclamation District — modern regional system with advanced treatment for Colorado River return","desert alluvium and caliche — highly alkaline, minimal soil movement but aggressive toward unprotected metal pipe","extreme hard water scale buildup in water heaters and supply lines, and heat-related CPVC fitting failures",7,Elevated
"Oklahoma City",OK,"Oklahoma","Oklahoma City Water Utilities",96,"Moderately Hard",mixed,high,30,"humid subtropical","copper supply lines in older homes, PVC and PEX in post-1990 builds","1950s–1980s across most of the metro","Oklahoma City Utilities Department — aging clay sewer laterals in pre-1970 neighborhoods, separated system in newer areas","Oklahoma red clay and shale — severe shrink-swell behavior, one of the most damaging soils for residential plumbing","burst pipes during ice storm events and slab foundation movement from expansive red clay soil",7,Elevated
"Albuquerque",NM,"New Mexico","Albuquerque Bernalillo County Water Utility Authority",152,"Hard",mixed,med,29,"semi-arid","copper and galvanized in central neighborhoods, PEX and CPVC in post-1990 Westside builds","1950s–1980s in established neighborhoods, 1990s–2010s in Westside expansion","City of Albuquerque Wastewater Management — separated system in most areas, aging infrastructure in Old Town and Barelas","Rio Grande alluvium and caliche — variable compaction, extreme alkalinity accelerates galvanized corrosion","water heater sediment buildup from moderately hard water and freeze events in higher-elevation neighborhoods above 6,000 feet",7,Elevated
"Tucson",AZ,"Arizona","Tucson Water",344,"Very Hard",mixed,low,46,"hot desert","CPVC and PEX dominant, copper in custom homes, galvanized steel in pre-1970 properties","1950s–1980s in central Tucson, 1990s–2020s in expanding Eastside and Oro Valley","Pima County Regional Wastewater Reclamation — modern system with reclaimed water network for irrigation","caliche hardpan over desert alluvium — impenetrable layer 1–4 feet below surface complicates pipe repair access","extreme hard water scale in water heaters and supply lines — among the highest calcium carbonate levels of any US metro",7,Elevated
"Atlanta",GA,"Georgia","Atlanta Department of Watershed Management",58,"Soft",mixed,med,34,"humid subtropical","copper supply lines in established neighborhoods, PEX and CPVC in post-2000 builds","1950s–1980s in Buckhead and Decatur, 1990s–2020s in rapidly expanding suburbs","Atlanta Department of Watershed Management — combined sewer in older neighborhoods, $4B sewer improvement program ongoing","Georgia red clay (Cecil clay) — highly expansive, significant seasonal soil movement in established neighborhoods","clay sewer lateral root infiltration and freeze events catching homeowners unprepared in a historically mild climate",5,Moderate
"Kansas City",MO,"Missouri","Kansas City Water Services",161,"Hard",aging,high,24,"humid continental","cast iron and galvanized steel in historic neighborhoods, copper in mid-century builds","1900s–1950s in Midtown and Westport, 1960s–1990s in outlying areas","Kansas City Water Services — combined sewer overflow system with long-term control plan, significant aging clay infrastructure","glacial till and loess over shale — moderate frost penetration, expansive Missouri River clay in flood-plain neighborhoods","frozen pipes in uninsulated older homes and galvanized supply line corrosion in pre-1960 Midtown properties",9,High
"Omaha",NE,"Nebraska","Metropolitan Utilities District (MUD)",204,"Very Hard",aging,high,19,"humid continental","galvanized steel and cast iron in pre-1960 neighborhoods, copper in mid-century builds","1900s–1950s in midtown and south Omaha, 1960s–1980s in Westside suburbs","Metropolitan Utilities District — combined sewer with long-term control plan, aging brick and clay mains in downtown","Missouri River loess and alluvial clay — deep frost penetration up to 36 inches, soil swells significantly when saturated","frozen pipes in crawl spaces and galvanized supply corrosion in midtown's aging pre-1950 housing stock",10,High
"Raleigh",NC,"North Carolina","City of Raleigh Public Utilities",74,"Moderately Hard",mixed,med,32,"humid subtropical","CPVC and PVC dominant in builder-grade homes, PEX in post-2010 new construction","1970s–1990s in established neighborhoods, 2000s–2020s in rapidly growing suburbs","City of Raleigh Public Utilities — rapidly expanding modern system, but older Clay County infrastructure in inner neighborhoods","Piedmont red clay (Enon series) — seasonal shrink-swell behavior, challenging for buried drain lateral integrity","CPVC pipe degradation in fast-built homes from the 1990s growth era and freeze events in thin-walled suburban construction",6,Elevated
"Minneapolis",MN,"Minnesota","Minneapolis Water Works",155,"Hard",aging,high,9,"humid continental","galvanized steel and cast iron in historic housing stock, copper in post-WWII builds","1900s–1950s in South Minneapolis and Northeast, 1960s–1980s in outer neighborhoods","Metropolitan Council Environmental Services — separate sanitary sewer in most areas, combined in oldest downtown core","glacial till and lacustrine clay — ground frost penetrates 48–60 inches in severe winters, among the deepest in the US","frozen and burst pipes during extended polar vortex events — the most severe freeze risk of any major US metro",9,High
"Virginia Beach",VA,"Virginia","Virginia Beach Department of Public Utilities",116,"Moderately Hard",mixed,med,35,"humid subtropical","copper dominant in coastal neighborhoods, PVC and PEX in post-1990 builds","1960s–1990s in oceanfront and established neighborhoods, 2000s in western expansion areas","Hampton Roads Sanitation District — regional system serving coastal Virginia, modern tertiary treatment","Tidewater sandy loam and coastal marsh clay — high water table in low-lying areas, poor pipe bedding in sandy zones","coastal salt air corrosion on copper fittings and water heater failures from hard water in oceanfront properties",6,Elevated
"New Orleans",LA,"Louisiana","Sewerage and Water Board of New Orleans",92,"Moderately Hard",aging,low,51,"humid subtropical","cast iron and galvanized steel in historic neighborhoods, mixed in post-Katrina rebuilds","1880s–1940s in the French Quarter and Uptown, 1950s–1990s in Lakeview and Gentilly","Sewerage and Water Board — 100-year-old system, frequently cited for main breaks and overflows, major rehabilitation ongoing","Mississippi River deltaic alluvium and marsh clay — entire city is below sea level, extreme soil saturation year-round","corroded cast iron drain stacks in historic shotgun and Creole cottage homes, and Sewerage and Water Board main failures",6,Elevated
"Tampa",FL,"Florida","Tampa Water Department",248,"Very Hard",mixed,low,54,"humid subtropical","CPVC and copper in established neighborhoods, PEX in post-2000 new builds","1960s–1990s across most of the city, 2000s–2020s in suburban growth areas","City of Tampa Wastewater Department — modern collection system with reclaimed water program, but aging terracotta in historic areas","sandy coastal plain and limestone karst — sinkhole risk in parts of Hillsborough County, minimal frost depth","hard water scale buildup in water heaters and CPVC degradation in the city's large inventory of 1980s builder-grade homes",7,Elevated
"St. Louis",MO,"Missouri","Missouri American Water Company",138,"Hard",aging,high,24,"humid continental","lead service lines in pre-1950 brick rowhouses, cast iron and galvanized in historic neighborhoods","1880s–1940s in The Hill and Soulard, 1950s–1980s in south and west suburbs","MSD Project Clear — combined sewer overflow system under $4.7B federal consent decree for remediation","Missouri River alluvial clay and loess — frost penetrates 24–30 inches, significant expansion in saturated conditions","lead and galvanized service line failures in historic rowhouse neighborhoods and frozen pipes during polar vortex events",9,High
"Richmond",VA,"Virginia","Richmond Department of Public Utilities",84,"Moderately Hard",aging,med,31,"humid subtropical","lead and galvanized in Victorian Fan District homes, copper in mid-century builds, PEX in post-2000","1880s–1940s in Church Hill and the Fan District, 1960s–1990s in Southside suburbs","Richmond Department of Public Utilities — combined sewer overflow in older neighborhoods, Shockoe Bottom historically flood-prone","Piedmont clay and James River flood plain alluvium — moderate frost depth, seasonal clay movement","galvanized supply line replacement in the Fan District's late Victorian housing and freeze events in under-insulated crawl spaces",7,Elevated
"Sacramento",CA,"California","Sacramento City Utilities and Sacramento Suburban Water District",67,"Moderately Hard",mixed,low,44,"Mediterranean","copper in post-WWII homes, PVC and PEX in newer suburban construction","1940s–1970s in midtown and east Sacramento, 1980s–2010s in Elk Grove and Natomas","Sacramento Regional County Sanitation District — modern regional system, but older clay and vitrified pipe in central Sacramento neighborhoods","Sacramento Valley alluvial clay and river terrace deposits — moderate seasonal swelling, high water table in low-lying Natomas area","water heater sediment from variable Sacramento River and groundwater source blending, and irrigation system failures during summer heat waves",5,Moderate
"Mesa",AZ,"Arizona","Mesa Water Resources Division",250,"Very Hard",mixed,low,52,"hot desert","CPVC and copper in older neighborhoods, PEX dominant in post-2000 master-planned communities","1970s–1990s in central Mesa, 2000s–2020s in eastside and southeast expansion","City of Mesa Environmental Management — modern gravity sewer, regional treatment at 91st Avenue facility","desert alluvium and caliche — highly alkaline, minimal soil movement in dry conditions, aggressive toward exposed metal connections","extreme hard water scale in water heaters and CPVC thermal degradation — identical failure profile to Phoenix due to shared SRP water supply",7,Elevated
"Fresno",CA,"California","Fresno Department of Public Utilities",244,"Very Hard",mixed,low,42,"hot semi-arid","copper and galvanized in older central neighborhoods, PVC and PEX in suburban builds","1950s–1980s in Tower District and central Fresno, 1990s–2020s in expanding suburbs","City of Fresno Municipal Utilities — separate sewer system, older vitrified clay pipe in central districts","San Joaquin Valley alluvial clay and hardpan — significant shrink-swell during drought and rain cycles, widespread subsidence from groundwater pumping","hard water scale accumulation in water heaters from Sierra Nevada snowmelt and Kings River source water, and irrigation system failures during drought years",7,Elevated
"Long Beach",CA,"California","Long Beach Water Department",308,"Very Hard",mixed,low,56,"Mediterranean","copper in post-WWII residential builds, cast iron in commercial and multi-family","1940s–1970s in downtown and Signal Hill, 1980s–2000s in East Long Beach","City of Long Beach Public Works — modern separate system, LA County sanitation for large portions of east side","coastal alluvial sand and clay, oil field subsidence zones in Signal Hill — significant historical ground movement from oil extraction","coastal salt air pitting corrosion on copper lines and hard water scale in water heaters from Colorado River and groundwater blend",7,Elevated
"Colorado Springs",CO,"Colorado","Colorado Springs Utilities",59,"Soft",mixed,high,22,"semi-arid","copper in older residential areas, PEX dominant in post-2000 construction","1950s–1980s in Old Colorado City and Broadmoor, 2000s–2020s in expanding northeast","Colorado Springs Utilities — modern separate sewer system, regional treatment at RFRHA facility","Pierre Shale and bentonite clay on eastern side, granite and gneiss on west — significant bentonite shrink-swell behavior","frozen pipe bursts during rapid overnight temperature drops and high-altitude UV degradation of exposed plastic plumbing components",6,Elevated
"Cleveland",OH,"Ohio","Cleveland Division of Water",121,"Hard",aging,high,23,"humid continental","galvanized steel and lead service lines in older neighborhoods, cast iron drain stacks in pre-1960 homes","1900s–1950s in West Side and East Side neighborhoods, 1960s–1980s in suburbs","Northeast Ohio Regional Sewer District (NEORSD) — combined sewer with $3B Project Clean Lake federal consent decree","glacial till and lacustrine clay from ancient Lake Erie bed — frost penetrates 36–48 inches, highly saturated in spring thaw","galvanized supply line corrosion and frozen pipes during lake-effect cold snaps — Cleveland is in the top 5 US cities for winter freeze pipe events",9,High
"Pittsburgh",PA,"Pennsylvania","Pittsburgh Water and Sewer Authority (PWSA)",116,"Moderately Hard",aging,high,26,"humid continental","lead service lines in pre-1950 properties, galvanized and cast iron in working-class rowhouses","1880s–1940s in Lawrenceville and the South Side, 1950s–1990s in suburban boroughs","Allegheny County Sanitation Authority (ALCOSAN) — combined sewer serving 83 municipalities under federal consent decree","Allegheny Plateau shale and clay — steep terrain causes soil erosion and pipe movement in hillside neighborhoods","lead service line replacement and drain backups in steep-terrain neighborhoods with aging combined sewer infrastructure",8,High
"Cincinnati",OH,"Ohio","Greater Cincinnati Water Works",149,"Hard",aging,high,27,"humid continental","galvanized steel and cast iron in historic Over-The-Rhine neighborhood, copper in mid-century builds","1890s–1940s in Over-The-Rhine and Westwood, 1950s–1980s in suburban townships","Metropolitan Sewer District of Greater Cincinnati — combined sewer overflow system under $3.2B consent decree","Ohio River valley clay and glacial till — frost penetrates 24–30 inches, moderate seasonal clay expansion","galvanized steel supply line failure in the historic Over-The-Rhine and Westwood rowhouse neighborhoods and freeze events in uninsulated crawl spaces",9,High
"Detroit",MI,"Michigan","Great Lakes Water Authority (GLWA)",143,"Hard",aging,high,22,"humid continental","lead service lines still present in an estimated 100,000 properties, galvanized and cast iron throughout pre-1960 housing stock","1900s–1950s across most of the city, 1960s–1980s in outer neighborhoods","Great Lakes Water Authority — combined sewer with $1.5B GLWA consent decree, significant aging infrastructure from early 1900s","glacial lake clay and outwash deposits — frost penetrates 36–42 inches, high moisture retention year-round near Great Lakes","lead service line replacement — Detroit has one of the largest active lead pipe replacement programs in the US — and frozen pipes during extended polar vortex events",9,High
"St. Paul",MN,"Minnesota","Saint Paul Regional Water Services",162,"Hard",aging,high,8,"humid continental","galvanized steel and cast iron in historic neighborhoods, copper in mid-century builds","1900s–1950s in historic Summit Avenue and West Side, 1960s–1980s in outer districts","Metropolitan Council Environmental Services — separate sanitary sewer in most areas, aging combined sewer in the oldest downtown core","glacial till and lacustrine clay — ground frost penetrates 48–60 inches in polar vortex winters, identical to Minneapolis","frozen and burst pipes during extended polar vortex events and galvanized supply line corrosion in pre-1950 Summit Avenue area housing",9,High
"Boston",MA,"Massachusetts","Massachusetts Water Resources Authority (MWRA)",8,"Soft",aging,high,26,"humid continental","lead and galvanized steel in pre-1900 rowhouses, copper in mid-century builds","1800s–1930s in Back Bay and Beacon Hill, 1940s–1970s in outer neighborhoods","MWRA — combined sewer in oldest neighborhoods, separated in newer areas","glacial till and coastal fill — frost penetrates 36–48 inches in severe winters","frozen pipes in uninsulated Victorian-era basements and corroded galvanized supply lines",7,Elevated
"Washington DC",DC,"District of Columbia","DC Water",118,"Moderately Hard",aging,high,30,"humid subtropical","lead service lines still present in pre-1950 homes, cast iron and galvanized in rowhouse stock","1880s–1940s in Georgetown and Capitol Hill, 1950s–1980s in outer neighborhoods","DC Water — Blue Plains Advanced Wastewater Treatment Plant serves the entire district","Piedmont clay and coastal plain sediments — moderate frost penetration","failing clay sewer laterals and lead/galvanized service line replacement in pre-1950 rowhouse neighborhoods",8,High
"Miami",FL,"Florida","Miami-Dade Water and Sewer Department",138,"Hard",mixed,low,68,"tropical monsoon","galvanized steel and copper in pre-1960 homes, PVC and CPVC in post-1970 construction","1920s–1960s in Coral Gables and Coconut Grove, 1970s–2000s in newer areas","Miami-Dade Water and Sewer — separate system, aging infrastructure in coastal areas","coastal sandy limestone and fill — high water table, salt intrusion in coastal zones","coastal salt air corrosion on copper lines and hard water scale accumulation",6,Elevated
"Orlando",FL,"Florida","Orlando Utilities Commission (OUC)",135,"Hard",mixed,low,62,"humid subtropical","copper in older areas, PVC and PEX dominant in post-2000 construction","1960s–1990s in established neighborhoods, 2000s–2020s in fast-growth suburbs","Orlando Utilities Commission — separate sanitary system, relatively modern infrastructure","sandy soil with high water table — poor pipe bedding support, shifting during heavy rain","hard water scale accumulation and slab leaks from sandy soil settlement",6,Elevated
"Anaheim",CA,"California","Anaheim Public Utilities",285,"Very Hard",mixed,low,56,"Mediterranean","copper in older areas, PEX and CPVC dominant in post-1990 construction","1950s–1980s in established neighborhoods, 1990s–2020s in Anaheim Hills expansion","Orange County Sanitation District — regional system","expansive clay and alluvial fill — causes foundation movement in saturated conditions","hard water scale blockages and slab leaks from expansive soil",7,Elevated
"Santa Ana",CA,"California","Orange County Water District (served through Santa Ana)",290,"Very Hard",aging,low,56,"Mediterranean","galvanized and copper in pre-1960 homes, CPVC and PVC in post-1970 construction","1920s–1950s in historic downtown, 1960s–1990s in residential neighborhoods","Orange County Sanitation District — separated system with ongoing infrastructure upgrades","expansive clay and alluvial fill — significant soil movement in saturated conditions","hard water scale blockages and corroded galvanized supply lines in older homes",8,High
"Riverside",CA,"California","Western Municipal Water District",194,"Very Hard",mixed,low,53,"Mediterranean","copper in older areas, CPVC and PEX dominant in post-1990 construction","1950s–1980s in established neighborhoods, 1990s–2020s in eastside expansion","Western Municipal Water District — separated system, relatively modern infrastructure","alluvial sandy loam and clay — variable compaction, significant settlement in fill areas","extreme hard water scale and slab leaks from alluvial soil settlement",7,Elevated
"Bakersfield",CA,"California","California Water Service Company",92,"Moderately Hard",mixed,low,46,"hot semi-arid","copper in older areas, CPVC and PEX dominant in post-1990 construction","1950s–1980s in established neighborhoods, 1990s–2020s in northwest expansion","City of Bakersfield Wastewater — separated system, aging infrastructure in older areas","San Joaquin Valley alluvial clay and hardpan — significant shrink-swell during drought","moderately hard water scale accumulation and CPVC heat degradation",5,Moderate
"Stockton",CA,"California","California Water Service Company",265,"Very Hard",mixed,low,45,"Mediterranean","galvanized and copper in pre-1960 homes, PVC and PEX in post-1980 construction","1940s–1970s in central Stockton, 1980s–2020s in north and south expansion","City of Stockton Municipal Utilities — separate system, older infrastructure in downtown","San Joaquin Delta peat and alluvial clay — high water table, significant settlement","hard water scale and corroded galvanized supply lines in older neighborhoods",7,Elevated
"Newark",NJ,"New Jersey","Newark Water Department",85,"Moderately Hard",aging,high,28,"humid subtropical","lead and galvanized in pre-1950 homes, copper in mid-century builds","1900s–1940s in Ironbound and Forest Hill, 1950s–1980s in Weequahic and Vailsburg","Passaic Valley Sewerage Commission — combined sewer overflow system","glacial till and clay — frost penetrates 24–30 inches, variable compaction in filled areas","lead service line replacement and frozen pipes in uninsulated brick rowhouses",8,High
"Buffalo",NY,"New York","Buffalo Water Board",115,"Moderately Hard",aging,high,18,"humid continental","galvanized steel and cast iron in pre-1960 homes, copper in mid-century builds","1900s–1940s in Elmwood and Allentown, 1950s–1980s in North and South Buffalo","Buffalo Sewer Authority — combined sewer with $500 million consent decree remediation","glacial lake clay and till — frost penetrates 42–48 inches, high moisture retention","frozen and burst pipes during extreme winter cold snaps and corroded galvanized supply lines",8,High
"Rochester",NY,"New York","Monroe County Water Authority",105,"Moderately Hard",aging,high,20,"humid continental","galvanized steel and cast iron in pre-1960 homes, copper in mid-century builds","1900s–1940s in Park Avenue and Corn Hill, 1950s–1980s in outer neighborhoods","Monroe County Pure Waters — combined sewer with ongoing CSO reduction program","glacial till and lake clay — frost penetrates 36–42 inches, high water table near lakes","frozen pipes during lake-effect snow events and corroded galvanized supply lines",8,High
"Arlington TX",TX,"Texas","Arlington Water Utilities",175,"Hard",mixed,med,38,"humid subtropical","copper in older areas, PEX and CPVC dominant in post-1990 construction","1950s–1980s in established neighborhoods, 1990s–2020s in north Arlington expansion","Arlington Water Utilities — separate sanitary system, modern infrastructure in most areas","expansive clay (Arlington and Eagle Ford formations) — severe seasonal movement","slab leaks from expansive clay soil and freeze events catching homeowners unprepared",7,Elevated
"Plano",TX,"Texas","City of Plano Water Department",165,"Hard",mixed,med,37,"humid subtropical","copper in 1970s–80s homes, PEX and CPVC dominant in post-1990 construction","1970s–1990s in established neighborhoods, 2000s–2020s in west Plano expansion","North Texas Municipal Water District — modern regional system","expansive clay (Arlington and Eagle Ford formations) — significant seasonal movement","slab leaks from expansive clay soil and post-freeze pipe failures in older homes",7,Elevated
"Corpus Christi",TX,"Texas","City of Corpus Christi Water Department",195,"Very Hard",mixed,low,55,"humid subtropical","copper in older areas, PVC and CPVC dominant in post-1990 construction","1950s–1980s in established neighborhoods, 1990s–2020s in southside expansion","City of Corpus Christi Wastewater — separate system, aging infrastructure in coastal areas","coastal sandy clay and shell — high water table, salt intrusion in coastal zones","coastal salt air corrosion on copper lines and hard water scale accumulation",7,Elevated
"Durham",NC,"North Carolina","City of Durham Department of Water Management",55,"Soft",mixed,med,33,"humid subtropical","galvanized and copper in pre-1960 homes, PVC and PEX in post-1980 construction","1920s–1950s in Trinity Park and Old West Durham, 1960s–1990s in outer neighborhoods","City of Durham — separate sanitary system, aging clay infrastructure in historic districts","Piedmont red clay (Cecil series) — moderate to high seasonal movement","clay sewer lateral root infiltration and freeze events in uninsulated crawl spaces",5,Moderate
"Greensboro",NC,"North Carolina","City of Greensboro Water Resources Department",48,"Soft",mixed,med,32,"humid subtropical","galvanized and copper in pre-1960 homes, PVC and PEX in post-1980 construction","1920s–1950s in College Hill and Fisher Park, 1960s–1990s in outer neighborhoods","City of Greensboro — separate sanitary system, aging infrastructure in historic districts","Piedmont red clay and sandy loam — moderate seasonal movement","clay sewer lateral root infiltration and freeze events catching homeowners unprepared",5,Moderate
"Chesapeake",VA,"Virginia","Chesapeake Public Utilities",105,"Moderately Hard",mixed,med,35,"humid subtropical","copper in older areas, PVC and PEX dominant in post-1990 construction","1960s–1990s in established neighborhoods, 2000s–2020s in south Chesapeake","Hampton Roads Sanitation District — regional system serving coastal Virginia","coastal sandy loam and clay — high water table, poor pipe bedding in sandy zones","coastal salt air corrosion and slab foundation movement from sandy soil",6,Elevated
"Norfolk",VA,"Virginia","Norfolk Department of Utilities",95,"Moderately Hard",aging,med,34,"humid subtropical","galvanized and copper in pre-1960 homes, PVC and PEX in post-1980 construction","1900s–1940s in Ghent and Colonial Place, 1950s–1980s in Ocean View and Ward's Corner","Hampton Roads Sanitation District — aging combined sewer in downtown, separated in newer areas","coastal sandy clay and fill — high water table, significant settlement in filled areas","coastal salt air corrosion on copper lines and aging galvanized supply lines",7,Elevated
"Baton Rouge",LA,"Louisiana","Baton Rouge Water Company",88,"Moderately Hard",aging,low,48,"humid subtropical","galvanized and copper in pre-1960 homes, PVC and PEX in post-1980 construction","1920s–1950s in Garden District and Mid City, 1960s–1990s in South Baton Rouge","City of Baton Rouge — combined sewer overflow system with ongoing rehabilitation","Mississippi River alluvial clay and loam — high water table, aggressive toward buried iron","corroded galvanized supply lines in pre-1960 homes and root infiltration in clay sewer lines",6,Elevated
"Madison",WI,"Wisconsin","Madison Water Utility",145,"Hard",aging,high,12,"humid continental","galvanized steel and copper in pre-1960 homes, PVC and PEX in post-1980 construction","1900s–1950s in Near West Side and Isthmus, 1960s–1990s in outer neighborhoods","Madison Metropolitan Sewerage District — separate sanitary in most areas, combined in oldest core","glacial till and lacustrine clay — frost penetrates 48–60 inches in severe winters","frozen and burst pipes during extreme winter cold snaps and corroded galvanized supply lines",9,High
"Arlington VA",VA,"Virginia","Arlington County Department of Environmental Services",110,"Moderately Hard",mixed,high,28,"humid subtropical","copper in post-WWII garden apartments, PEX and CPVC in modern high-rises","1940s–1970s in established neighborhoods, 1980s–2020s in high-density corridors","Arlington County Water Pollution Control Plant — separate system, relatively modern","Piedmont clay and coastal plain sediments — moderate frost penetration","aging copper supply in garden apartment complexes and frozen pipes in uninsulated exteriors",7,Elevated
"Irvine",CA,"California","Irvine Ranch Water District",270,"Very Hard",modern,low,54,"Mediterranean","copper in 1970s–80s homes, PEX and CPVC dominant in post-1990 construction","1970s–1990s in master-planned communities, 2000s–2020s in newer villages","Irvine Ranch Water District — modern regional system with reclaimed water network","expansive clay and alluvial fill — causes foundation movement in saturated conditions","hard water scale blockages and slab leaks from expansive soil",6,Elevated
"Chandler",AZ,"Arizona","City of Chandler Water Department",250,"Very Hard",modern,low,51,"hot desert","copper in 1970s–80s homes, PEX and CPVC dominant in post-1990 construction","1970s–1990s in established neighborhoods, 2000s–2020s in south Chandler expansion","City of Chandler — modern gravity sewer with regional treatment","desert alluvium and caliche — highly alkaline, accelerates metal corrosion","extreme hard water scale and UV/heat degradation of exposed fittings",6,Elevated
"Gilbert",AZ,"Arizona","Town of Gilbert Water Department",250,"Very Hard",modern,low,52,"hot desert","PEX and CPVC dominant, copper in custom homes","1990s–2020s — Gilbert is a newer master-planned community","Town of Gilbert — modern gravity sewer with regional treatment","desert alluvium and caliche — highly alkaline, minimal soil movement","extreme hard water scale and UV/heat degradation of exposed fittings",6,Elevated
"Birmingham",AL,"Alabama","Birmingham Water Works",95,"Moderately Hard",mixed,med,38,"humid subtropical","copper in older homes, PEX and CPVC dominant in post-1980 construction","1950s–1970s in established neighborhoods, 1980s–2000s in suburban expansion","Jefferson County Environmental Services — combined system in oldest areas","piedmont clay and shale — expansive soils that shift with moisture changes","corroded galvanized steel in pre-1970 homes and tree root intrusion in clay soil",6,Elevated
"Huntsville",AL,"Alabama","Huntsville Utilities",115,"Moderately Hard",mixed,med,35,"humid subtropical","copper in older homes, PEX dominant in post-1990 construction","1960s–1980s in established areas, 1990s–2010s in suburban expansion","Huntsville Utilities — separate stormwater and sanitary systems","limestone and clay mix — rocky terrain affects pipe installation","corroded galvanized steel in pre-1970 homes and frozen pipes in uninsulated areas",6,Elevated
"Little Rock",AR,"Arkansas","Central Arkansas Water",125,"Hard",mixed,med,36,"humid subtropical","copper in older homes, PEX and CPVC dominant in post-1980 construction","1950s–1970s in established neighborhoods, 1980s–2000s in suburban expansion","Central Arkansas Water — separate stormwater and sanitary systems","expansive clay and alluvial deposits — significant soil movement with moisture","corroded galvanized steel in pre-1970 homes and slab leaks from expansive clay",7,Elevated
"Honolulu",HI,"Hawaii","Board of Water Supply",72,"Moderately Hard",mixed,low,73,"tropical","copper in older homes, CPVC and PEX dominant in post-1990 construction","1960s–1980s in established areas, 1990s–2020s in newer development","City and County of Honolulu — separate system, aging infrastructure in older areas","volcanic basalt and coral fill — rocky terrain affects pipe installation","salt air corrosion on copper lines and deteriorated PVC in coastal properties",5,Moderate
"Boise",ID,"Idaho","Suez Water Idaho",165,"Hard",mixed,high,28,"semi-arid continental","copper in older homes, PEX and CPVC dominant in post-1980 construction","1950s–1970s in established neighborhoods, 1980s–2010s in suburban expansion","City of Boise — separate stormwater and sanitary systems","rocky alluvial and sandy loam — well-draining but challenging for excavation","frozen pipes in uninsulated areas and hard water scale accumulation",8,High
"Des Moines",IA,"Iowa","Des Moines Water Works",140,"Hard",mixed,high,22,"humid continental","copper in older homes, PEX and CPVC dominant in post-1980 construction","1950s–1970s in established neighborhoods, 1980s–2010s in suburban expansion","Des Moines Metropolitan Wastewater Reclamation Authority — separate system","glacial till and loam — heavy soils that can shift with freeze-thaw","hard water scale blockages and frozen pipes in uninsulated areas",8,High
"Wichita",KS,"Kansas","City of Wichita Water",245,"Very Hard",mixed,high,30,"humid subtropical","copper in older homes, PEX and CPVC dominant in post-1980 construction","1950s–1970s in established neighborhoods, 1980s–2010s in suburban expansion","City of Wichita — separate stormwater and sanitary systems","expansive clay and silt loam — significant soil movement with moisture","hard water scale blockages and slab leaks from expansive clay",9,High
"Providence",RI,"Rhode Island","Providence Water",58,"Soft",aging,high,27,"humid continental","lead and galvanized steel in pre-1900 homes, copper in mid-century builds","1800s–1930s in historic neighborhoods, 1940s–1970s in outer areas","Narragansett Bay Commission — combined sewer in oldest neighborhoods","glacial till and coastal fill — frost penetrates 36–48 inches in severe winters","corroded galvanized supply lines in pre-1950 homes and frozen pipes in uninsulated basements",7,Elevated
"Salt Lake City",UT,"Utah","Salt Lake City Department of Public Utilities",225,"Very Hard",mixed,high,27,"semi-arid continental","galvanized steel in pre-1940 homes, copper in mid-century builds, PEX in newer construction","1900s–1940s in The Avenues and Capitol Hill, 1950s–1980s in suburban areas","Salt Lake City Public Utilities — separate stormwater and sanitary systems","rocky alluvial and clay — challenging excavation conditions","hard water scale blockages and frozen pipes in uninsulated areas",9,High
"Anchorage",AK,"Alaska","Anchorage Water and Wastewater Utility",85,"Moderately Hard",mixed,high,15,"subarctic","copper in older homes, PEX and CPVC dominant in post-1980 construction","1960s–1980s in established neighborhoods, 1990s–2020s in suburban expansion","Anchorage Water and Wastewater Utility — separate system with freeze protection","glacial till and permafrost areas — unique installation challenges","frozen pipes in uninsulated areas and corrosion from road salt",7,Elevated
"Montgomery",AL,"Alabama","Montgomery Water Works and Sanitary Sewer Board",88,"Moderately Hard",mixed,med,40,"humid subtropical","copper in older homes, PEX and CPVC dominant in post-1980 construction","1950s–1970s in established neighborhoods, 1980s–2000s in suburban expansion","Montgomery Water Works — combined system in oldest areas","piedmont clay and sandy loam — moderately expansive soils","corroded galvanized steel in pre-1970 homes and tree root intrusion in clay soil",6,Elevated
"Mobile",AL,"Alabama","Mobile Area Water and Sewer System",72,"Moderately Hard",mixed,low,48,"humid subtropical","copper in older homes, PEX and CPVC dominant in post-1980 construction","1940s–1960s in historic areas, 1970s–1990s in suburban expansion","Mobile Area Water and Sewer System — combined system in historic areas","coastal alluvial and clay — poor drainage in low-lying areas","corroded galvanized steel in pre-1970 homes and salt air corrosion on copper",5,Moderate
"Cedar Rapids",IA,"Iowa","Cedar Rapids Water Department",285,"Very Hard",mixed,high,18,"humid continental","copper in older homes, PEX dominant in post-1980 construction","1940s–1960s in established areas, 1970s–1990s in suburban expansion","Cedar Rapids Water Department — separate system with flood resilience","glacial till and alluvial deposits — well-draining but challenging for excavation","hard water scale accumulation and frozen pipes in uninsulated areas",9,High
"Overland Park",KS,"Kansas","WaterOne",185,"Very Hard",modern,high,28,"humid continental","copper in older homes, PEX dominant in post-1990 construction","1970s–1990s in established areas, 2000s–2020s in new development","WaterOne — separate system with modern infrastructure","clay and limestone — challenging for excavation and pipe installation","hard water scale accumulation and frozen pipes in uninsulated areas",8,High
"Bridgeport",CT,"Connecticut","Aquarion Water Company",95,"Moderately Hard",aging,high,26,"humid continental","copper in older homes, PEX and CPVC dominant in post-1980 construction","1920s–1940s in historic areas, 1950s–1970s in post-war expansion","Aquarion Water Company — combined system in historic areas","coastal clay and glacial till — challenging for excavation","corroded cast iron in pre-1950 homes and frozen pipes in uninsulated areas",8,High
"Jersey City",NJ,"New Jersey","Suez Water",65,"Moderately Hard",aging,high,30,"humid subtropical","copper in older homes, PEX and CPVC dominant in post-1980 construction","1900s–1930s in historic areas, 1950s–1970s in post-war expansion","Jersey City Municipal Utilities Authority — combined system in historic areas","urban fill and glacial till — challenging for excavation in dense areas","corroded cast iron in pre-1940 homes and frozen pipes in uninsulated areas",8,High
"Toledo",OH,"Ohio","City of Toledo Water Department",265,"Very Hard",aging,high,22,"humid continental","copper in older homes, PEX dominant in post-1980 construction","1920s–1940s in historic areas, 1950s–1970s in post-war expansion","City of Toledo Water Department — combined system in historic areas","glacial till and clay — challenging for excavation and pipe installation","hard water scale accumulation and corroded cast iron in pre-1950 homes",10,High
"Akron",OH,"Ohio","City of Akron Water Department",245,"Very Hard",aging,high,24,"humid continental","copper in older homes, PEX dominant in post-1980 construction","1910s–1940s in historic areas, 1950s–1970s in post-war expansion","City of Akron Water Department — combined system in historic areas","glacial till and clay — challenging for excavation and pipe installation","hard water scale accumulation and corroded cast iron in pre-1940 homes",10,High
"Dayton",OH,"Ohio","City of Dayton Water Department",275,"Very Hard",mixed,high,25,"humid continental","copper in older homes, PEX dominant in post-1980 construction","1920s–1940s in historic areas, 1950s–1970s in post-war expansion","City of Dayton Water Department — combined system in historic areas","glacial till and clay — challenging for excavation and pipe installation","hard water scale accumulation and frozen pipes in uninsulated areas",9,High
"Fort Wayne",IN,"Indiana","City of Fort Wayne City Utilities",255,"Very Hard",mixed,high,23,"humid continental","copper in older homes, PEX dominant in post-1980 construction","1920s–1940s in historic areas, 1950s–1970s in post-war expansion","City of Fort Wayne City Utilities — combined system in historic areas","glacial till and clay — challenging for excavation and pipe installation","hard water scale accumulation and frozen pipes in uninsulated areas",9,High
"Spokane",WA,"Washington","City of Spokane Water Department",135,"Hard",mixed,high,27,"humid continental","copper in older homes, PEX dominant in post-1980 construction","1900s–1930s in historic areas, 1950s–1970s in post-war expansion","City of Spokane Water Department — combined system in historic areas","glacial outwash and basalt — rocky terrain affects pipe installation","corroded cast iron in pre-1940 homes and frozen pipes in uninsulated areas",8,High
"Tacoma",WA,"Washington","Tacoma Water",95,"Moderately Hard",mixed,high,35,"Mediterranean","copper in older homes, PEX and CPVC dominant in post-1980 construction","1900s–1930s in historic areas, 1950s–1970s in post-war expansion","Tacoma Water — combined system in historic areas","glacial till and marine clay — challenging for excavation","corroded cast iron in pre-1940 homes and frozen pipes in uninsulated areas",7,Elevated
"Grand Rapids",MI,"Michigan","City of Grand Rapids Water Department",225,"Very Hard",mixed,high,23,"humid continental","copper in older homes, PEX dominant in post-1980 construction","1910s–1940s in historic areas, 1950s–1970s in post-war expansion","City of Grand Rapids Water Department — combined system in historic areas","glacial till and clay — challenging for excavation and pipe installation","hard water scale accumulation and frozen pipes in uninsulated areas",9,High
"Lexington",KY,"Kentucky","Kentucky American Water",165,"Hard",mixed,high,29,"humid subtropical","copper in older homes, PEX and CPVC dominant in post-1980 construction","1940s–1960s in established areas, 1970s–1990s in suburban expansion","Kentucky American Water — separate system with modern infrastructure","limestone and clay — challenging for excavation and pipe installation","hard water scale accumulation and frozen pipes in uninsulated areas",8,High
"Sioux Falls",SD,"South Dakota","City of Sioux Falls Water Department",195,"Very Hard",mixed,high,12,"humid continental","copper in older homes, PEX dominant in post-1980 construction","1940s–1960s in established areas, 1970s–1990s in suburban expansion","City of Sioux Falls Water Department — separate system with modern infrastructure","glacial till and loam — well-draining but challenging for excavation","hard water scale accumulation and frozen pipes in uninsulated areas",9,High
"Oakland",CA,"California","East Bay Municipal Utility District",115,"Moderately Hard",mixed,low,48,"Mediterranean","copper in older homes, PEX and CPVC dominant in post-1980 construction","1900s–1930s in historic areas, 1950s–1970s in post-war expansion","East Bay Municipal Utility District — combined system in historic areas","bay fill and clay — challenging for excavation in dense areas","corroded cast iron in pre-1940 homes and earthquake-related pipe damage",5,Moderate
"Fremont",CA,"California","Alameda County Water District",145,"Hard",modern,low,45,"Mediterranean","copper in older homes, PEX and CPVC dominant in post-1980 construction","1960s–1980s in established areas, 1990s–2020s in suburban expansion","Alameda County Water District — separate system with modern infrastructure","bay fill and alluvial deposits — challenging for excavation","hard water scale accumulation and earthquake-related pipe damage",5,Moderate
"Henderson",NV,"Nevada","City of Henderson Water Department",275,"Very Hard",modern,low,42,"desert","copper in older homes, PEX dominant in post-2000 construction","1990s–2010s in established areas, 2010s–2020s in new development","City of Henderson Water Department — separate system with modern infrastructure","desert alluvial and caliche — challenging for excavation and pipe installation","hard water scale accumulation and corrosion from hard water",6,Elevated
"Reno",NV,"Nevada","Truckee Meadows Water Authority",155,"Hard",mixed,high,30,"cold desert","copper in older homes, PEX dominant in post-1980 construction","1950s–1970s in established areas, 1980s–2000s in suburban expansion","Truckee Meadows Water Authority — separate system with modern infrastructure","alluvial deposits and rocky terrain — challenging for excavation","hard water scale accumulation and frozen pipes in uninsulated areas",8,High
"Lincoln",NE,"Nebraska","Lincoln Water System",185,"Very Hard",mixed,high,22,"humid continental","copper in older homes, PEX dominant in post-1980 construction","1950s–1970s in established areas, 1980s–2000s in suburban expansion","Lincoln Water System — separate system with modern infrastructure","glacial till and loam — well-draining but challenging for excavation","hard water scale accumulation and frozen pipes in uninsulated areas",9,High
"St. Petersburg",FL,"Florida","City of St. Petersburg Water Resources",215,"Very Hard",mixed,low,62,"humid subtropical","copper in older homes, PVC and CPVC dominant in post-1970 construction","1950s–1970s in established areas, 1980s–2000s in suburban expansion","City of St. Petersburg — separate system with aging infrastructure in older areas","sandy coastal soil with high water table","corrosion from salt air and hard water scale accumulation",7,Elevated
"Laredo",TX,"Texas","City of Laredo Utilities",260,"Very Hard",modern,low,55,"semi-arid","PVC and CPVC dominant, copper in older homes","1970s–1990s in established areas, 2000s–2020s in new development","City of Laredo Utilities — separate system with flat terrain challenges","clay and sandy soil — flat terrain affects drainage","hard water scale accumulation and corrosion from water chemistry",6,Elevated
"Hayward",CA,"California","East Bay Municipal Utility District",145,"Hard",mixed,low,48,"Mediterranean","copper in older homes, PEX dominant in post-1980 construction","1950s–1970s in established areas, 1980s–2000s in suburban expansion","East Bay Municipal Utility District — separate system with aging infrastructure","bay fill and alluvial deposits — challenging for pipe installation","hard water scale accumulation and slab leaks from soil movement",6,Elevated
"Lancaster",CA,"California","Los Angeles County Public Works",290,"Very Hard",modern,low,45,"desert","PVC and CPVC dominant, copper in custom homes","1980s–2000s in established areas, 2000s–2020s in new development","Los Angeles County Public Works — separate system with desert infrastructure","desert alluvium — challenging for excavation and pipe installation","hard water scale accumulation and pipe joint stress from temperature extremes",6,Elevated
"Palmdale",CA,"California","Los Angeles County Public Works",285,"Very Hard",modern,low,44,"desert","PVC and CPVC dominant, copper in custom homes","1980s–2000s in established areas, 2000s–2020s in new development","Los Angeles County Public Works — separate system with desert infrastructure","desert alluvium — challenging for excavation and pipe installation","hard water scale accumulation and pipe joint stress from temperature extremes",6,Elevated
"Sunnyvale",CA,"California","Santa Clara Valley Water District",120,"Moderately Hard",modern,low,50,"Mediterranean","copper in older homes, PEX dominant in post-1980 construction","1960s–1980s in established areas, 1990s–2010s in redevelopment","Santa Clara Valley Water District — separate system with modern infrastructure","bay fill and alluvial deposits — stable conditions for pipes","hard water scale accumulation and aging copper pipe corrosion",4,Moderate
"Pomona",CA,"California","Los Angeles County Public Works",265,"Very Hard",mixed,low,52,"Mediterranean","copper in older homes, PVC and CPVC dominant in post-1970 construction","1950s–1970s in established areas, 1980s–2000s in suburban expansion","Los Angeles County Public Works — separate system with aging infrastructure","alluvial soil — moderate conditions for pipe installation","hard water scale accumulation and aging copper pipe corrosion",7,Elevated
"Escondido",CA,"California","City of Escondido Water Department",188,"Very Hard",modern,low,55,"Mediterranean","copper in older homes, PVC and CPVC dominant in post-1980 construction","1970s–1990s in established areas, 2000s–2020s in new development","City of Escondido Water Department — separate system with hilly terrain challenges","rocky soil and alluvial deposits — challenging for excavation","hard water scale accumulation and corrosion from water chemistry",6,Elevated
"Fort Lauderdale",FL,"Florida","City of Fort Lauderdale Public Works",195,"Very Hard",mixed,low,67,"humid subtropical","copper in older homes, PVC and CPVC dominant in post-1970 construction","1960s–1980s in established areas, 1990s–2010s in redevelopment","City of Fort Lauderdale — separate system with aging coastal infrastructure","sandy coastal soil with high water table","corrosion from salt air and storm-driven sewer backups",7,Elevated
"Hialeah",FL,"Florida","Miami-Dade Water and Sewer Department",205,"Very Hard",mixed,low,68,"tropical monsoon","copper in older homes, PVC and CPVC dominant in post-1970 construction","1960s–1980s in established areas, 1990s–2010s in infill development","Miami-Dade Water and Sewer Department — regional system with flood control","limestone and sandy soil with high water table","hard water scale accumulation and storm-driven sewer backups",7,Elevated
"Port St. Lucie",FL,"Florida","City of Port St. Lucie Utilities",225,"Very Hard",modern,low,64,"humid subtropical","PVC and CPVC dominant, copper in custom homes","1980s–2000s in established areas, 2000s–2020s in new development","City of Port St. Lucie Utilities — modern separate system","sandy soil with high water table","storm-driven sewer backups and hard water scale accumulation",6,Elevated
"Cape Coral",FL,"Florida","City of Cape Coral Utilities",285,"Very Hard",modern,low,65,"humid subtropical","PVC and CPVC dominant, copper in older homes","1970s–1990s in established areas, 2000s–2020s in new development","City of Cape Coral Utilities — separate system with canal network","sandy canal-side soil with high water table","hard water scale accumulation and corrosion from canal water exposure",6,Elevated
"Tallahassee",FL,"Florida","City of Tallahassee Utilities",85,"Moderately Hard",mixed,med,45,"humid subtropical","copper in older homes, PVC and CPVC dominant in post-1970 construction","1960s–1980s in established areas, 1990s–2010s in suburban expansion","City of Tallahassee Utilities — separate system with hilly terrain challenges","red clay and sandy loam — hilly terrain affects drainage","freeze-thaw damage during cold snaps and storm-driven sewer backups",6,Elevated
"Clearwater",FL,"Florida","City of Clearwater Public Utilities",210,"Very Hard",mixed,low,63,"humid subtropical","copper in older homes, PVC and CPVC dominant in post-1970 construction","1950s–1970s in established areas, 1980s–2000s in suburban expansion","City of Clearwater Public Utilities — separate system with coastal infrastructure","sandy coastal soil with high water table","corrosion from salt air and hard water scale accumulation",7,Elevated
"Pembroke Pines",FL,"Florida","City of Pembroke Pines Utilities",200,"Very Hard",modern,low,67,"humid subtropical","PVC and CPVC dominant, copper in custom homes","1980s–2000s in established areas, 2000s–2020s in new development","City of Pembroke Pines Utilities — modern separate system","sandy soil with high water table","storm-driven sewer backups and hard water scale accumulation",6,Elevated
"Worcester",MA,"Massachusetts","City of Worcester Water Department",95,"Moderately Hard",aging,high,24,"humid continental","cast iron and galvanized in older homes, copper in post-1960 construction","1900s–1950s in older neighborhoods, 1960s–1980s in suburban areas","City of Worcester Water Department — combined system with overflow issues","glacial till and rocky soil — challenging for pipe access","freeze-thaw burst pipes and corroded cast iron drain lines",8,High
"Springfield",MA,"Massachusetts","City of Springfield Water and Sewer Commission",85,"Moderately Hard",aging,high,26,"humid continental","cast iron and galvanized in older homes, copper in post-1960 construction","1900s–1950s in older neighborhoods, 1960s–1980s in suburban areas","City of Springfield Water and Sewer Commission — combined system with overflow issues","river valley alluvium — high water table affects drainage","freeze-thaw burst pipes and corroded cast iron drain lines",8,High
"Cambridge",MA,"Massachusetts","Cambridge Water Department",55,"Soft",aging,high,28,"humid continental","cast iron and galvanized in historic homes, copper in post-1950 construction","1890s–1940s in historic areas, 1950s–1970s in other neighborhoods","Cambridge Water Department — combined system with overflow issues","urban fill and riverbank soil — challenging for excavation","corroded cast iron drain lines in historic buildings",7,Elevated
"New Haven",CT,"Connecticut","South Central Connecticut Regional Water Authority",75,"Moderately Hard",aging,high,27,"humid continental","cast iron and galvanized in historic homes, copper in post-1950 construction","1890s–1940s in historic areas, 1950s–1970s in suburban expansion","South Central Connecticut Regional Water Authority — combined system with overflow issues","coastal alluvium and urban fill — challenging for excavation","corroded cast iron drain lines in historic buildings",8,High
"Hartford",CT,"Connecticut","Metropolitan District Commission",80,"Moderately Hard",aging,high,25,"humid continental","cast iron and galvanized in historic homes, copper in post-1950 construction","1890s–1940s in historic areas, 1950s–1970s in suburban expansion","Metropolitan District Commission — combined system with overflow issues","river valley alluvium — challenging for excavation","corroded cast iron drain lines in historic buildings",8,High
"Stamford",CT,"Connecticut","Aquarion Water Company",90,"Moderately Hard",mixed,high,28,"humid continental","cast iron and galvanized in older homes, copper in post-1960 construction","1920s–1950s in established areas, 1960s–1980s in suburban expansion","Aquarion Water Company — separate system with aging infrastructure","coastal alluvium — challenging for excavation","corroded cast iron drain lines and freeze-thaw burst pipes",7,Elevated
"Dover",DE,"Delaware","City of Dover Water Department",110,"Moderately Hard",mixed,high,32,"humid subtropical","copper in older homes, PVC and CPVC dominant in post-1970 construction","1950s–1970s in established areas, 1980s–2000s in suburban expansion","City of Dover Water Department — separate system with aging infrastructure","coastal plain soil — moderate conditions for pipe installation","freeze-thaw burst pipes in uninsulated areas",7,Elevated
"Wilmington",DE,"Delaware","City of Wilmington Water Department",105,"Moderately Hard",aging,high,30,"humid subtropical","cast iron and galvanized in older homes, copper in post-1960 construction","1900s–1950s in older neighborhoods, 1960s–1980s in suburban expansion","City of Wilmington Water Department — combined system with overflow issues","river valley alluvium — challenging for excavation","corroded cast iron drain lines in older homes",8,High
"Santa Clara",CA,"California","Santa Clara Valley Water District",115,"Moderately Hard",modern,low,50,"Mediterranean","copper in older homes, PEX dominant in post-1980 construction","1970s–1990s in established areas, 2000s–2020s in redevelopment","Santa Clara Valley Water District — separate system with modern infrastructure","bay fill and alluvial deposits — stable conditions for pipes","hard water scale accumulation and slab leaks from soil movement",4,Moderate
"Nampa",ID,"Idaho","Nampa Public Works",175,"Hard",modern,high,27,"semi-arid continental","copper in older homes, PEX dominant in post-1980 construction","1970s–1990s in established areas, 2000s–2020s in new development","Nampa Public Works — separate system with modern infrastructure","rocky soil and alluvial deposits — challenging for excavation","hard water scale accumulation and frozen pipes in uninsulated areas",7,Elevated
"Idaho Falls",ID,"Idaho","Idaho Falls Water Department",155,"Hard",mixed,high,22,"semi-arid continental","copper in older homes, PEX dominant in post-1980 construction","1960s–1980s in established areas, 1990s–2010s in suburban expansion","Idaho Falls Water Department — separate system with modern infrastructure","rocky soil and volcanic deposits — challenging for excavation","hard water scale accumulation and frozen pipes in uninsulated areas",8,High
"Pocatello",ID,"Idaho","Pocatello Water Department",160,"Hard",mixed,high,24,"semi-arid continental","copper in older homes, PEX dominant in post-1980 construction","1950s–1970s in established areas, 1980s–2000s in suburban expansion","Pocatello Water Department — separate system with aging infrastructure","rocky soil and alluvial deposits — challenging for excavation","hard water scale accumulation and frozen pipes in uninsulated areas",8,High
"Charleston",SC,"South Carolina","Charleston Water System",55,"Soft",aging,low,45,"humid subtropical","cast iron and galvanized in historic homes, copper in post-1960 construction","1940s–1960s in historic areas, 1970s–1990s in suburban expansion","Charleston Water System — separate system with coastal infrastructure","coastal marsh and sandy soil — high water table","corrosion from salt air and storm-driven sewer backups",5,Moderate
"North Charleston",SC,"South Carolina","Charleston Water System",60,"Soft",mixed,low,46,"humid subtropical","copper in older homes, PVC and CPVC dominant in post-1970 construction","1960s–1980s in established areas, 1990s–2010s in new development","Charleston Water System — separate system with coastal infrastructure","coastal marsh and sandy soil — high water table","storm-driven sewer backups and hard water scale accumulation",4,Moderate
"Modesto",CA,"California","City of Modesto",145,"Hard",mixed,low,48,"hot-summer Mediterranean","copper in older homes, PVC and PEX dominant in post-1980 construction","1960s–1990s in established areas, 2000s–2020s in suburban growth","City of Modesto — separate system with aging infrastructure in older areas","San Joaquin Valley clay and sandy loam — moderate soil movement","hard water scale buildup in water heaters and heat-related fitting failures",6,Elevated
"Sparks",NV,"Nevada","Truckee Meadows Water Authority",120,"Moderately Hard",mixed,med,32,"cold semi-arid","copper in older homes, PVC and PEX dominant in post-1990 construction","1970s–2000s in established areas, 2010s–2020s in new developments","Truckee Meadows Water Authority — modern system serving Reno-Sparks metro","high desert sandy loam and rocky terrain — challenging for excavation","freeze-thaw burst pipes during winter and hard water scale accumulation",6,Elevated
"Warren",MI,"Michigan","Detroit Water and Sewerage Department",125,"Hard",mixed,high,22,"humid continental","copper in older homes, PVC and PEX dominant in post-1980 construction","1950s–1970s in established areas, 1980s–2000s in suburban development","Detroit Water and Sewerage Department — regional system serving metro Detroit","glacial till and clay — frost penetrates 30–36 inches in severe winters","freeze-thaw burst pipes and aging copper supply line corrosion",8,High
"Savannah",GA,"Georgia","City of Savannah Water and Sewer Bureau",55,"Soft",aging,low,47,"humid subtropical","cast iron and galvanized in historic homes, copper in post-1960 construction","1940s–1960s in historic areas, 1970s–1990s in suburban expansion","City of Savannah Water and Sewer Bureau — separate system with coastal infrastructure","coastal marsh and sandy soil — high water table","corrosion from salt air and storm-driven sewer backups",5,Moderate
"Chattanooga",TN,"Tennessee","Tennessee American Water",65,"Moderately Hard",mixed,med,36,"humid subtropical","copper in older homes, PVC and CPVC dominant in post-1970 construction","1950s–1970s in established areas, 1980s–2000s in suburban expansion","Tennessee American Water — separate system with aging infrastructure","rocky soil and clay — challenging for excavation","aging copper pipe corrosion and storm-driven sewer backups",6,Elevated
"Knoxville",TN,"Tennessee","Knoxville Utilities Board",55,"Soft",mixed,med,34,"humid subtropical","copper in older homes, PVC and CPVC dominant in post-1970 construction","1950s–1970s in established areas, 1980s–2000s in suburban expansion","Knoxville Utilities Board — separate system with aging infrastructure","rocky soil and clay — challenging for excavation","aging copper pipe corrosion and freeze-thaw burst pipes",5,Moderate
"Clarksville",TN,"Tennessee","Clarksville Gas and Water",95,"Moderately Hard",mixed,med,35,"humid subtropical","copper in older homes, PVC and CPVC dominant in post-1970 construction","1960s–1980s in established areas, 1990s–2010s in suburban expansion","Clarksville Gas and Water — separate system with aging infrastructure","clay soil — affects drainage and foundation movement","aging copper pipe corrosion and freeze-thaw burst pipes",6,Elevated
"Jackson",MS,"Mississippi","City of Jackson Water Department",75,"Moderately Hard",aging,med,40,"humid subtropical","copper in older homes, PVC and CPVC dominant in post-1970 construction","1950s–1970s in established areas, 1980s–2000s in suburban expansion","City of Jackson Water Department — combined system with overflow issues","clay soil — affects drainage and foundation movement","aging infrastructure and storm-driven sewer backups",7,Elevated
"Gulfport",MS,"Mississippi","City of Gulfport Water Department",115,"Moderately Hard",mixed,low,48,"humid subtropical","copper in older homes, PVC and CPVC dominant in post-1970 construction","1960s–1980s in established areas, 1990s–2010s in suburban expansion","City of Gulfport Water Department — separate system with coastal infrastructure","coastal sandy soil — high water table","hurricane damage and storm-driven sewer backups",5,Moderate
"Southaven",MS,"Mississippi","Southaven Water Department",125,"Hard",modern,med,38,"humid subtropical","PVC and CPVC dominant, copper in custom homes","1980s–2000s in established areas, 2000s–2020s in new development","Southaven Water Department — separate system with modern infrastructure","clay soil — affects drainage and foundation movement","storm-driven sewer backups and hard water scale accumulation",6,Elevated
"Biloxi",MS,"Mississippi","City of Biloxi Water Department",120,"Moderately Hard",mixed,low,49,"humid subtropical","copper in older homes, PVC and CPVC dominant in post-1970 construction","1960s–1980s in established areas, 1990s–2010s in suburban expansion","City of Biloxi Water Department — separate system with coastal infrastructure","coastal sandy soil — high water table","hurricane damage and storm-driven sewer backups",5,Moderate
"Fargo",ND,"North Dakota","City of Fargo Water Works",180,"Hard",mixed,high,8,"humid continental","copper in older homes, PEX dominant in post-1980 construction","1960s–1980s in established areas, 1990s–2010s in suburban expansion","City of Fargo Water Works — separate system with modern infrastructure","glacial till and clay — challenging for excavation","frozen pipes in uninsulated areas and hard water scale accumulation",8,High
"Grand Forks",ND,"North Dakota","City of Grand Forks Water Works",165,"Hard",mixed,high,5,"humid continental","copper in older homes, PEX dominant in post-1980 construction","1960s–1980s in established areas, 1990s–2010s in suburban expansion","City of Grand Forks Water Works — separate system with aging infrastructure","glacial till and clay — challenging for excavation","frozen pipes in uninsulated areas and hard water scale accumulation",8,High
"Bismarck",ND,"North Dakota","City of Bismarck Water Works",175,"Hard",mixed,high,10,"humid continental","copper in older homes, PEX dominant in post-1980 construction","1960s–1980s in established areas, 1990s–2010s in suburban expansion","City of Bismarck Water Works — separate system with modern infrastructure","glacial till and clay — challenging for excavation","frozen pipes in uninsulated areas and hard water scale accumulation",8,High
"Billings",MT,"Montana","City of Billings Water Department",145,"Hard",mixed,high,22,"semi-arid continental","copper in older homes, PEX dominant in post-1980 construction","1960s–1980s in established areas, 1990s–2010s in suburban expansion","City of Billings Water Department — separate system with aging infrastructure","rocky soil and alluvial deposits — challenging for excavation","hard water scale accumulation and frozen pipes in uninsulated areas",8,High
"Missoula",MT,"Montana","City of Missoula Water Department",135,"Hard",mixed,high,24,"semi-arid continental","copper in older homes, PEX dominant in post-1980 construction","1960s–1980s in established areas, 1990s–2010s in suburban expansion","City of Missoula Water Department — separate system with aging infrastructure","rocky soil and alluvial deposits — challenging for excavation","hard water scale accumulation and frozen pipes in uninsulated areas",8,High
"Bozeman",MT,"Montana","City of Bozeman Water Department",130,"Hard",modern,high,18,"semi-arid continental","copper in older homes, PEX dominant in post-1980 construction","1970s–1990s in established areas, 2000s–2020s in new development","City of Bozeman Water Department — separate system with modern infrastructure","rocky soil and alluvial deposits — challenging for excavation","hard water scale accumulation and frozen pipes in uninsulated areas",7,Elevated
"Helena",MT,"Montana","City of Helena Water Department",140,"Hard",mixed,high,20,"semi-arid continental","copper in older homes, PEX dominant in post-1980 construction","1960s–1980s in established areas, 1990s–2010s in suburban expansion","City of Helena Water Department — separate system with aging infrastructure","rocky soil and alluvial deposits — challenging for excavation","hard water scale accumulation and frozen pipes in uninsulated areas",8,High
"Cheyenne",WY,"Wyoming","City of Cheyenne Board of Public Utilities",185,"Very Hard",mixed,high,22,"semi-arid continental","copper in older homes, PEX dominant in post-1980 construction","1960s–1980s in established areas, 1990s–2010s in suburban expansion","City of Cheyenne Board of Public Utilities — separate system with aging infrastructure","rocky soil and alluvial deposits — challenging for excavation","hard water scale accumulation and frozen pipes in uninsulated areas",9,High
"Casper",WY,"Wyoming","City of Casper Water Department",170,"Hard",mixed,high,20,"semi-arid continental","copper in older homes, PEX dominant in post-1980 construction","1960s–1980s in established areas, 1990s–2010s in suburban expansion","City of Casper Water Department — separate system with aging infrastructure","rocky soil and alluvial deposits — challenging for excavation","hard water scale accumulation and frozen pipes in uninsulated areas",8,High
"Laramie",WY,"Wyoming","City of Laramie Water Department",155,"Hard",modern,high,18,"semi-arid continental","copper in older homes, PEX dominant in post-1980 construction","1970s–1990s in established areas, 2000s–2020s in new development","City of Laramie Water Department — separate system with modern infrastructure","rocky soil and alluvial deposits — challenging for excavation","hard water scale accumulation and frozen pipes in uninsulated areas",7,Elevated